{
    "players":
    [
        {
            "name": "FuruMi",
            "uma" : 
            [
                "GRASS WONDER",
                "MEJIRO RYAN",
                "AGNES TACHYON",
                "WINNING TICKET",
                "SAKURA BAUSHIN O",
                "SUPER CREEK",
                "HARU URARA",
                "BIKO PEGASUS",
                "MATIKANEFUKUKITARU",
                "NICE NATURE",
                "KING HALO",
                "IKUNO DICTUS",
                "TWIN TURBO",
                "SAKURA CHIYONO O",
                "KATSURAGI ACE",
                "TOKAI TEIO",
                "OGURI CAP",
                "GOLDSHIP",
                "VODKA",
                "DAIWA SCARLET",
                "HISHI AMAZON",
                "MEJIRO MCQUEEN",
                "EL CONDOR PASA",
                "SYMBOLI RUDOLF",
                "AIR GROOVE",
                "SEIUN SKY",
                "FINE MOTION",
                "BIWA HAYAHIDE",
                "MAYANO TOP GUN",
                "MIHONO BOURBON",
                "RICE SHOWER",
                "SEEKING THE PEARL",
                "SHINKO WINDY",
                "SMART FALCON",
                "NISHINO FLOWER",
                "BAMBOO MEMORY",
                "MATIKANE TANNHAUSER",
                "YAENO MUTEKI",
                "TSURUMARU TSUYOSHI",
                "SAKURA LAUREL",
                "NARITA TOP ROAD",
                "DAIICHI RUBY",
                "DANTSU FLAME",
                "K.S. MIRACLE",
                "STILL IN LOVE",
                "COPANO RICKY",
                "SOUND OF EARTH",
                "RHEIN KRAFT",
                "GENTILDONNA",
                "DREAM JOURNEY",
                "FENOMENO",
                "STAY GOLD"
            ]
        },
        {
            "name": "Zuhegel",
            "uma" : 
            [
                "SILENCE SUZUKA",
                "TM OPERA O",
                "AIR GROOVE",
                "ADMIRE VEGA",
                "MEISHO DOTO",
                "MEJIRO PALMER",
                "CEASARIO",
                "ORFEVRE",
                "GOLDSHIP",
                "VODKA",
                "DAIWA SCARLET",
                "GRASS WONDER",
                "EL CONDOR PASA",
                "MAYANO TOP GUN",
                "MEJIRO RYAN",
                "AGNES TACHYON",
                "WINNING TICKET",
                "SAKURA BAUSHIN O",
                "SUPER CREEK",
                "HARU URARA",
                "BIKO PEGASUS",
                "MATIKANEFUKUKITARU",
                "NICE NATURE",
                "KING HALO",
                "MATIKANE TANNHAUSER",
                "IKUNO DICTUS",
                "TWIN TURBO",
                "TSURUMARU TSUYOSHI"
            ]
        },
        {
            "name": "Zuhaqimie",
            "uma" : 
            [
                "TOKAI TEIO",
                "OGURI CAP",
                "GRASS WONDER",
                "MEJIRO MCQUEEN",
                "EL CONDOR PASA",
                "TM OPERA O",
                "SYMBOLI RUDOLF",
                "BIWA HAYAHIDE",
                "RICE SHOWER",
                "SUPER CREEK",
                "GOLDSHIP",
                "VODKA",
                "DAIWA SCARLET",
                "AIR GROOVE",
                "MAYANO TOP GUN",
                "AGNES TACHYON",
                "WINNING TICKET",
                "SAKURA BAUSHIN O",
                "HARU URARA",
                "MATIKANEFUKUKITARU",
                "NICE NATURE",
                "KING HALO",
                "MEJIRO RYAN"
            ]
        },
        {
            "name" : "Hisyam",
            "uma" :
            [
                "MARUZENSKY",
                "GOLDSHIP",
                "MIHONO BOURBON",
                "YUKINO BIJIN",
                "RICE SHOWER",
                "AGNES TACHYON",
                "HARU URARA",
                "NICE NATURE",
                "MATIKANE TANNHAUSER",
                "SAKURA LAUREL",
                "DAIICHI RUBY",
                "MEJIRO RAMONU",
                "CHEVAL GRAND",
                "K.S. MIRACLE",
                "COPANO RICKY",
                "HOKKO TARUMAE",
                "BUENA VISTA",
                "GENTILDONNA",
                "STAY GOLD",
                "VODKA",
                "DAIWA SCARLET",
                "GRASS WONDER",
                "EL CONDOR PASA",
                "AIR GROOVE",
                "MEJIRO RYAN",
                "WINNING TICKET",
                "SAKURA BAUSHIN O",
                "SUPER CREEK",
                "BIKO PEGASUS",
                "MATIKANEFUKUKITARU",
                "KING HALO",
                "IKUNO DICTUS",
                "TWIN TURBO",
                "TSURUMARU TSUYOSHI"
            ]

        }
    ]
}